distribution,sample_size_mode,num_studies,average_group_n,heterogeneity_ratio,true_i2,method,point_bias_pct,point_mse_pct,variance_bias_pct,variance_mse_pct,coverage_z,average_width_z,coverage_t,average_width_t,fail_rate
log_normal,fixed,10,100,0,0,DiVE,4.84401469001174,2.01446866189481,8.25992540964056,38.495525888768,0.912,6.36530056095329,0.945,7.34672186371987,0
log_normal,fixed,10,100,0,0,QE-RE,-5.75046819783935,1.99615249252157,12.8284538441899,13.7003968334859,0.916,6.67374616427725,0.957,7.70272454356332,0
log_normal,fixed,10,100,0,0,QE-FE,-7.9235513512796,2.35146360148492,-5.80830482079569,2.50548706295445,0.862,6.13997614687427,0.924,7.08665624961534,0
log_normal,fixed,10,100,0.3333,0.249981249531238,DiVE,4.84363628167237,2.56055090764101,6.41379299391019,33.4738656096089,0.909,7.30206456163982,0.944,8.42791897280952,0
log_normal,fixed,10,100,0.3333,0.249981249531238,QE-RE,-4.17398402848953,2.38632622953667,3.57349519179735,18.0899502415736,0.914,7.32644960416498,0.944,8.45606377498371,0
log_normal,fixed,10,100,0.3333,0.249981249531238,QE-FE,-7.96915472368216,3.03844787669295,-29.4423470487586,9.87268001051143,0.813,6.13629849647528,0.87,7.08241156794875,0
log_normal,fixed,10,100,1,0.5,DiVE,4.20861396747904,3.58183430674711,5.67480745733484,25.4341564926113,0.914,8.9731975935484,0.942,10.3567123526572,0
log_normal,fixed,10,100,1,0.5,QE-RE,-2.22669433965869,3.37115694686495,2.75358257049933,25.034808098743,0.92,8.85710337814306,0.946,10.2227183798035,0
log_normal,fixed,10,100,1,0.5,QE-FE,-8.68932765777667,4.43898309414536,-53.2082996587527,28.8278478821581,0.736,6.12075590177614,0.8,7.06447256896486,0
log_normal,fixed,10,100,3,0.75,DiVE,4.2116281558229,6.68957607640091,1.54384770584518,25.3218458642745,0.923,12.4088008279458,0.954,14.322027290344,0
log_normal,fixed,10,100,3,0.75,QE-RE,0.635778972707095,6.47880876905658,0.455208042970401,25.7544036511025,0.92,12.3343431958457,0.953,14.2360895552076,0
log_normal,fixed,10,100,3,0.75,QE-FE,-8.66045317739943,8.32846728472964,-76.4535075982808,58.5994087430836,0.6,6.13815984524024,0.663,7.08455990509899,0
log_normal,fixed,10,300,0,0,DiVE,2.00449809685248,0.577989551221228,3.64055357338288,27.1252469227262,0.917,3.61407122578695,0.949,4.17129966405755,0
log_normal,fixed,10,300,0,0,QE-RE,-1.85268573734645,0.56559283291076,17.7436010607905,12.4615666493153,0.95,3.94731207751375,0.975,4.55592059873645,0
log_normal,fixed,10,300,0,0,QE-FE,-2.58069355724113,0.616600749293125,0.995743850114822,0.869769660265432,0.928,3.67798045281246,0.959,4.24506260910401,0
log_normal,fixed,10,300,0.3333,0.249981249531238,DiVE,1.89806252104574,0.7371732207728,2.43622959586537,23.7080683509876,0.916,4.16102890840472,0.953,4.80258893735084,0
log_normal,fixed,10,300,0.3333,0.249981249531238,QE-RE,-1.33402085532306,0.699865250087693,6.56837571163541,14.9303803947552,0.944,4.30663575272969,0.966,4.97064588556025,0
log_normal,fixed,10,300,0.3333,0.249981249531238,QE-FE,-2.68682990723131,0.776670803660607,-24.1898083784877,6.28743005507432,0.886,3.67987076973369,0.929,4.24724438080852,0
log_normal,fixed,10,300,1,0.5,DiVE,1.51736887778392,1.17543753336836,1.16420770912943,22.0471892545328,0.917,5.07442648946813,0.952,5.85681692152986,0
log_normal,fixed,10,300,1,0.5,QE-RE,-0.867064170083398,1.14484551612286,0.63164416374853,18.7822435924843,0.913,5.08637083567593,0.955,5.87060288318123,0
log_normal,fixed,10,300,1,0.5,QE-FE,-3.11673089175963,1.28551163448909,-49.814593609797,25.0298605703871,0.793,3.66657687187469,0.844,4.23190078954845,0
log_normal,fixed,10,300,3,0.75,DiVE,1.65929413191535,2.37791325305388,1.32901876547534,24.3570837200382,0.912,7.16480842702606,0.953,8.26950027200498,0
log_normal,fixed,10,300,3,0.75,QE-RE,0.399535445745581,2.32071820086542,-0.217131713612626,23.3247579049061,0.912,7.11551948288108,0.952,8.21261180929657,0
log_normal,fixed,10,300,3,0.75,QE-FE,-2.95111756304845,2.46313575143025,-74.8323436679427,56.0526629057855,0.638,3.67204602704589,0.708,4.23821319561436,0
log_normal,fixed,30,100,0,0,DiVE,4.09814511277776,0.761034143161296,7.38029275149965,11.6633216426304,0.912,3.75178955315151,0.929,3.91500622749962,0
log_normal,fixed,30,100,0,0,QE-RE,-8.27320088023292,1.26100747540467,2.33411139716004,3.14075426410064,0.779,3.69371098252257,0.797,3.85440102497551,0
log_normal,fixed,30,100,0,0,QE-FE,-9.62195978981878,1.52516038610349,-7.91253831977534,1.31034008328908,0.692,3.51220497388184,0.72,3.66499883594277,0
log_normal,fixed,30,100,0.3333,0.249981249531238,DiVE,4.24636271648532,0.896738432885668,4.75045900180263,9.8606951527393,0.926,4.28435136324818,0.935,4.47073643931429,0
log_normal,fixed,30,100,0.3333,0.249981249531238,QE-RE,-5.8245846648364,1.03166112903968,-3.07543613855881,6.62854645783109,0.882,4.13122611052061,0.896,4.31094967368605,0
log_normal,fixed,30,100,0.3333,0.249981249531238,QE-FE,-9.25477020416835,1.61509192091726,-30.5547943687116,9.69775186973906,0.696,3.52205009258378,0.711,3.67527225359654,0
log_normal,fixed,30,100,1,0.5,DiVE,5.00706896263968,1.42114175041622,3.12226759292209,8.71586085873749,0.907,5.20865173155296,0.924,5.43524728053504,0
log_normal,fixed,30,100,1,0.5,QE-RE,-2.00962297381487,1.15362372095068,-0.24273411262374,8.39348479331621,0.924,5.12122210484061,0.933,5.34401414280233,0
log_normal,fixed,30,100,1,0.5,QE-FE,-8.83939377493462,1.99596423273738,-53.6906733167468,29.0020170763883,0.657,3.52228462766639,0.675,3.67551699181973,0
log_normal,fixed,30,100,3,0.75,DiVE,4.26565800852783,2.33276085707615,1.66416166394028,7.64822549417239,0.935,7.31943669713892,0.95,7.63785917230281,0
log_normal,fixed,30,100,3,0.75,QE-RE,0.511385933412351,2.14138718151249,1.08959483672945,8.7139045738641,0.946,7.29013025835281,0.955,7.6072777954084,0
log_normal,fixed,30,100,3,0.75,QE-FE,-9.48918505251222,3.4959341068743,-76.8422761160877,59.0910188240581,0.545,3.52252011508897,0.559,3.67576272381317,0
log_normal,fixed,30,300,0,0,DiVE,1.55835257261424,0.212691770092653,3.16740851996358,8.40143408984477,0.935,2.12790995203161,0.946,2.22048187824509,0
log_normal,fixed,30,300,0,0,QE-RE,-2.95893243475552,0.266241710389029,8.70984681947007,3.65146179235718,0.902,2.19947807052034,0.909,2.29516347368224,0
log_normal,fixed,30,300,0,0,QE-FE,-3.39381544526264,0.292471789012232,-0.236647180601368,0.277809827491283,0.874,2.11198486644103,0.881,2.20386399273277,0
log_normal,fixed,30,300,0.3333,0.249981249531238,DiVE,1.79584808279291,0.284174623207447,2.08342897509111,7.55019343655243,0.925,2.44546767782284,0.938,2.55185453559975,0
log_normal,fixed,30,300,0.3333,0.249981249531238,QE-RE,-1.87055861884774,0.277381619421115,0.686820758970576,5.66711547587321,0.911,2.43482324750256,0.925,2.54074703332605,0
log_normal,fixed,30,300,0.3333,0.249981249531238,QE-FE,-3.09976295635969,0.35046038279922,-24.9279410154162,6.361625657181,0.832,2.11551770678376,0.852,2.20755052465217,0
log_normal,fixed,30,300,1,0.5,DiVE,1.54024033708312,0.385043691569093,1.31345232011161,7.19357158344042,0.926,2.98442104427701,0.939,3.11425436003221,0
log_normal,fixed,30,300,1,0.5,QE-RE,-1.00167205282387,0.362189662427266,-0.0985146238462607,7.19409715567789,0.934,2.96313580413379,0.946,3.09204313348713,0
log_normal,fixed,30,300,1,0.5,QE-FE,-3.36007421746165,0.484876618204574,-49.9034861899953,24.9716546072008,0.761,2.11654503386317,0.78,2.20862254424617,0
log_normal,fixed,30,300,3,0.75,DiVE,1.47839568990381,0.736538593124908,2.42352488061861,7.11758348124994,0.945,4.24594277774423,0.956,4.43065693877004,0
log_normal,fixed,30,300,3,0.75,QE-RE,0.159754968133303,0.707530132111875,1.79511855601076,7.25550162540047,0.953,4.23172124165956,0.957,4.41581671344629,0
log_normal,fixed,30,300,3,0.75,QE-FE,-3.57454078552356,0.865643855043042,-75.020332088099,56.2970321408095,0.624,2.11366108951708,0.645,2.20561313769105,0
log_normal,varying,10,100,0,0,DiVE,4.18599416885743,1.9879437804616,5.34405985911963,44.0413655363718,0.886,6.22983488439751,0.923,7.19036967921486,0
log_normal,varying,10,100,0,0,QE-RE,-6.3136434013445,2.13544147732688,14.3618304305525,17.7900760558704,0.902,6.70608443114259,0.937,7.74004882227402,0
log_normal,varying,10,100,0,0,QE-FE,-8.23914439868889,2.46066589304734,-6.32005056175207,2.61637959601424,0.85,6.12269000942318,0.902,7.0667048831818,0
log_normal,varying,10,100,0.3333,0.249981249531238,DiVE,3.77317317587891,2.52005317797327,6.7335315869749,43.1360853860744,0.915,7.47876351095421,0.944,8.63186190084463,0
log_normal,varying,10,100,0.3333,0.249981249531238,QE-RE,-5.4136873032365,2.57287221195787,3.18564947072939,19.8023965342954,0.909,7.44785557237474,0.946,8.59618848276328,0
log_normal,varying,10,100,0.3333,0.249981249531238,QE-FE,-8.95776996382153,3.264649116717,-33.6233090713175,12.4550740856751,0.794,6.12065682504317,0.859,7.06435821628139,0
log_normal,varying,10,100,1,0.5,DiVE,4.45316613355922,3.85331764470539,0.607838988455707,38.4374246831766,0.911,9.13215102946737,0.946,10.5401737103412,0
log_normal,varying,10,100,1,0.5,QE-RE,-2.59594719441213,3.57969410735757,-3.88260442653568,20.7359951763118,0.927,8.82403776403703,0.948,10.1845546092535,0
log_normal,varying,10,100,1,0.5,QE-FE,-7.9399794031251,4.53885092625574,-58.1449568912576,34.2386108876594,0.746,6.12655495233295,0.796,7.07116573468524,0
log_normal,varying,10,100,3,0.75,DiVE,4.37100059117629,7.47716256944382,-0.811050381261497,47.5219949153976,0.91,13.0661227166821,0.946,15.0806970570324,0
log_normal,varying,10,100,3,0.75,QE-RE,0.278333751209699,6.34075443314987,-1.28098526207367,27.7268223104516,0.923,12.515389497801,0.952,14.4450501238694,0
log_normal,varying,10,100,3,0.75,QE-FE,-8.80786430764561,9.11382927688429,-80.0865161745129,64.258568292811,0.59,6.12600395373566,0.658,7.07052978145683,0
log_normal,varying,10,300,0,0,DiVE,1.75067335659211,0.587627792052459,2.38019579294161,53.1411125685353,0.896,3.51357099164042,0.928,4.05530399968273,0
log_normal,varying,10,300,0,0,QE-RE,-2.24345727810591,0.61259406492634,25.1047769284518,26.5524856073491,0.951,4.0459668606962,0.971,4.66978627493297,0
log_normal,varying,10,300,0,0,QE-FE,-2.72847251220215,0.625301712235977,-0.269657088542338,0.833027355796376,0.93,3.65492167220871,0.955,4.21844855592772,0
log_normal,varying,10,300,0.3333,0.249981249531238,DiVE,1.11755311390678,0.81364783605746,2.13045617244451,64.0017118736062,0.899,4.33080725751001,0.925,4.99854422609392,0
log_normal,varying,10,300,0.3333,0.249981249531238,QE-RE,-2.40772891564049,0.847341771883344,4.81162069095137,23.2302981856002,0.938,4.48351209246543,0.958,5.17479355460869,0
log_normal,varying,10,300,0.3333,0.249981249531238,QE-FE,-3.37278048065162,0.92786065324674,-35.9272467412957,13.473981153179,0.858,3.6476013245688,0.908,4.2099995349363,0
log_normal,varying,10,300,1,0.5,DiVE,1.61377314032309,1.52551366115324,4.75717335138924,71.4789243383181,0.878,5.71189742903114,0.927,6.59257505962981,0
log_normal,varying,10,300,1,0.5,QE-RE,-1.02935456445116,1.36149177674165,0.620720523732364,26.8734762792835,0.918,5.45976914016946,0.946,6.30157286821642,0
log_normal,varying,10,300,1,0.5,QE-FE,-2.80645960881371,1.62338050757676,-62.0127413195007,38.7719849741939,0.751,3.66057561500772,0.811,4.2249742407371,0
log_normal,varying,10,300,3,0.75,DiVE,1.91519863765773,3.25878754633507,3.22548558548345,77.5679061965923,0.88,8.47885009773827,0.912,9.78614486397921,0
log_normal,varying,10,300,3,0.75,QE-RE,-0.400222184313098,2.59864034392594,1.46749967074292,29.0877312868187,0.899,7.71270551221221,0.943,8.9018737877974,0
log_normal,varying,10,300,3,0.75,QE-FE,-2.68337689152369,3.37535955453241,-83.0973353842273,69.1599815707111,0.548,3.65573325037402,0.62,4.2193852656705,0
log_normal,varying,30,100,0,0,DiVE,4.43994197555228,0.799788400332463,8.13319633800611,14.8032426118291,0.914,3.75534756265495,0.922,3.91871902353099,0
log_normal,varying,30,100,0,0,QE-RE,-7.96258674391655,1.19629865696562,4.9368980549488,4.88927203059451,0.797,3.73548475350043,0.817,3.89799210896558,0
log_normal,varying,30,100,0,0,QE-FE,-9.26275795267691,1.43889762708572,-7.66338478322642,1.31528387753516,0.712,3.51672799920309,0.743,3.669718629537,0
log_normal,varying,30,100,0.3333,0.249981249531238,DiVE,5.0286678344217,1.03747812380333,6.96674009848118,13.3671811482093,0.918,4.44683232681954,0.931,4.64028592369239,0
log_normal,varying,30,100,0.3333,0.249981249531238,QE-RE,-5.57926972504148,1.049060700555,-0.52098308143339,8.26363138291403,0.875,4.26502735947852,0.886,4.45057177015396,0
log_normal,varying,30,100,0.3333,0.249981249531238,QE-FE,-9.08789182255605,1.61629913205592,-34.4498519992045,12.217179241102,0.695,3.52534367867789,0.718,3.67870912282563,0
log_normal,varying,30,100,1,0.5,DiVE,4.75652947477779,1.55262276170209,5.18584906280536,15.6154362293276,0.921,5.54338841151377,0.934,5.78454623988586,0
log_normal,varying,30,100,1,0.5,QE-RE,-2.81014768940325,1.29014393983086,-0.184137913066412,8.53052562577559,0.92,5.25829161827209,0.928,5.48704668529497,0
log_normal,varying,30,100,1,0.5,QE-FE,-9.06535363217721,2.21297569005463,-58.6220047630281,34.529334760831,0.629,3.52733531736184,0.653,3.68078740513335,0
log_normal,varying,30,100,3,0.75,DiVE,4.75044936433661,2.74135665541478,2.13392738449846,13.8292069910059,0.936,7.94086644419056,0.951,8.28632340388985,0
log_normal,varying,30,100,3,0.75,QE-RE,0.5904936975338,2.16535748805341,1.74270170779881,8.80992960638663,0.947,7.46993587612125,0.957,7.7949056202984,0
log_normal,varying,30,100,3,0.75,QE-FE,-9.01981567765704,3.52644486338624,-80.4415591693818,64.751607210931,0.542,3.5240827996618,0.559,3.67739339092484,0
log_normal,varying,30,300,0,0,DiVE,1.63446660055427,0.218489379976418,3.4293397363439,14.5349356401841,0.926,2.11682602502693,0.935,2.20891575956127,0
log_normal,varying,30,300,0,0,QE-RE,-3.02665805080774,0.280699934102179,15.1863746975448,8.92919817977064,0.899,2.2579409926678,0.914,2.35616974843261,0
log_normal,varying,30,300,0,0,QE-FE,-3.32001554914698,0.299321745535324,-0.930756436033421,0.290029501931954,0.861,2.10460071718451,0.881,2.19615860576623,0
log_normal,varying,30,300,0.3333,0.249981249531238,DiVE,1.67870755428261,0.296405940478607,2.07639531924425,16.4604164631504,0.932,2.62063510928343,0.941,2.73464239598154,0
log_normal,varying,30,300,0.3333,0.249981249531238,QE-RE,-2.52572737652557,0.327679243058965,1.77704320764568,8.79157003628278,0.918,2.57864420361324,0.926,2.6908247311397,0
log_normal,varying,30,300,0.3333,0.249981249531238,QE-FE,-3.26365882115318,0.376928540465629,-36.5398550877761,13.567074261586,0.811,2.10320238684835,0.831,2.19469944290631,0
log_normal,varying,30,300,1,0.5,DiVE,1.43585136430966,0.520569927820971,3.06868271021925,20.8902122981194,0.928,3.44074428671946,0.937,3.59042934549064,0
log_normal,varying,30,300,1,0.5,QE-RE,-1.75777549598358,0.453306806721976,-0.377581752652585,8.63175458895475,0.923,3.1809531190476,0.933,3.3193363044563,0
log_normal,varying,30,300,1,0.5,QE-FE,-3.45352584269514,0.622680255952469,-62.8703039785298,39.667350223369,0.704,2.10704654311549,0.724,2.19871083414032,0
log_normal,varying,30,300,3,0.75,DiVE,1.545982476674,1.09094959491507,-0.19974824467918,22.502844462312,0.931,5.07257861425608,0.942,5.29325448108149,0
log_normal,varying,30,300,3,0.75,QE-RE,-0.6972302568523,0.816627025315317,-0.632739628595734,8.24392480395751,0.943,4.45351667208575,0.95,4.64726106261563,0
log_normal,varying,30,300,3,0.75,QE-FE,-3.28014804740605,1.20240430582657,-83.5469000074687,69.8414174572965,0.526,2.10428074784252,0.545,2.19582471657848,0
normal,fixed,10,100,0,0,DiVE,-0.978412918929615,6.50062000771713,-1.21773706796486,23.5474508411698,0.904,0.212063442189234,0.937,0.24476002543924,0
normal,fixed,10,100,0,0,QE-RE,-1.07410363639779,6.5708220156034,15.9057878343576,14.1828819679065,0.951,0.23449010912307,0.98,0.270644503747127,0
normal,fixed,10,100,0,0,QE-FE,-1.0751254703021,6.6159688401101,-3.83739398866732,0.37505421995496,0.937,0.215388521978536,0.974,0.248597776092608,0
normal,fixed,10,100,0.3333,0.249981249531238,DiVE,-0.167335083107052,8.98922876107514,0.0798317667227093,23.9194464148387,0.903,0.246470849501315,0.937,0.284472470932265,0
normal,fixed,10,100,0.3333,0.249981249531238,QE-RE,-0.0978602044002172,8.98227779238354,7.02042858356051,19.1658949358775,0.931,0.257998873697125,0.965,0.297777920783979,0
normal,fixed,10,100,0.3333,0.249981249531238,QE-FE,0.0054947817881073,9.06195487097138,-27.8373685945446,7.89107917045379,0.892,0.215439629709578,0.941,0.248656763768281,0
normal,fixed,10,100,1,0.5,DiVE,0.408334126361024,12.765434521201,1.06689721101733,21.3497897113958,0.918,0.304246782887598,0.951,0.351156472566001,0
normal,fixed,10,100,1,0.5,QE-RE,0.287424157575398,12.7417587883872,2.47355617772248,20.8006737589629,0.925,0.307397067245577,0.959,0.35479247729949,0
normal,fixed,10,100,1,0.5,QE-FE,0.205187652561688,12.8655138106733,-51.9573166050751,27.060192582387,0.829,0.215293185566102,0.876,0.248487740423603,0
normal,fixed,10,100,3,0.75,DiVE,1.67979349771603,25.4680051348426,-1.57212191629303,22.4322758678784,0.923,0.423621598190972,0.956,0.488936858137531,0
normal,fixed,10,100,3,0.75,QE-RE,1.61211272549938,25.522391759508,-1.30445354063506,22.9197323270658,0.923,0.424146130270608,0.956,0.489542264160512,0
normal,fixed,10,100,3,0.75,QE-FE,1.66948718118871,26.2510343842258,-75.9816564190388,57.7500543460823,0.664,0.215271486612173,0.721,0.248462695859294,0
normal,fixed,10,300,0,0,DiVE,-1.1714868652848,6.04558732324329,-1.93404698478288,23.8650634770544,0.927,0.121808662633596,0.957,0.140589490848284,0
normal,fixed,10,300,0,0,QE-RE,-1.30179194078065,6.07790472017196,17.4575990580874,14.3226916078739,0.964,0.136371692775482,0.986,0.157397893047186,0
normal,fixed,10,300,0,0,QE-FE,-1.30607985340487,6.08312324206611,-1.30317788346484,0.103364424950392,0.954,0.126007345510919,0.979,0.145435539357427,0
normal,fixed,10,300,0.3333,0.249981249531238,DiVE,-1.44707646087337,8.49498083228411,-1.71005092545886,19.6314805740065,0.922,0.141434784220822,0.949,0.163241627253183,0
normal,fixed,10,300,0.3333,0.249981249531238,QE-RE,-1.5220513830283,8.5248904253712,5.38632855304248,14.0262462922725,0.945,0.148351581791269,0.972,0.171224877604227,0
normal,fixed,10,300,0.3333,0.249981249531238,QE-FE,-1.57589664222296,8.53960166423064,-25.9262455557715,6.77179746426112,0.921,0.126048878577968,0.951,0.145483476118438,0
normal,fixed,10,300,1,0.5,DiVE,-0.346441097494709,13.1445876588791,-2.17795925754172,19.8125715822266,0.922,0.172884907399725,0.951,0.199540825596227,0
normal,fixed,10,300,1,0.5,QE-RE,-0.267172962828735,13.2149115015835,-0.738367829287625,18.1879684730522,0.92,0.174905796181321,0.957,0.201873301125658,0
normal,fixed,10,300,1,0.5,QE-FE,-0.208840874338213,13.353857401181,-50.6599410246065,25.6850967699086,0.823,0.125997177056663,0.888,0.145423803100122,0
normal,fixed,10,300,3,0.75,DiVE,-0.313533418993831,26.9357694685947,0.341123910298498,22.9488108011405,0.912,0.247096529722262,0.95,0.285194620423073,0
normal,fixed,10,300,3,0.75,QE-RE,-0.288885765191394,26.9604547318092,0.433146829514024,22.9340462065113,0.914,0.24728732483824,0.95,0.285414832907404,0
normal,fixed,10,300,3,0.75,QE-FE,-0.335939668203999,27.1682672151679,-75.3648763142977,56.8044965310053,0.65,0.125906316945235,0.723,0.145318933901759,0
normal,fixed,30,100,0,0,DiVE,0.626295509188649,2.14768941443707,-1.67014525983004,6.61335424688325,0.934,0.124729927739182,0.943,0.130156139340035,0
normal,fixed,30,100,0,0,QE-RE,0.512119043171587,2.16623330537284,7.19288735661076,3.68660385564868,0.952,0.130938324270434,0.959,0.136634624004032,0
normal,fixed,30,100,0,0,QE-FE,0.480296650294354,2.17524111748418,-3.96264281645949,0.244632213924534,0.939,0.124297133229437,0.95,0.129704516673871,0
normal,fixed,30,100,0.3333,0.249981249531238,DiVE,0.591766196237569,2.72280490920363,-0.870091224622873,6.96541299621123,0.931,0.144554288669885,0.946,0.150842933042178,0
normal,fixed,30,100,0.3333,0.249981249531238,QE-RE,0.485799014937702,2.7753044834993,0.549378126631385,6.1553530547037,0.936,0.145822179696067,0.952,0.152165982001341,0
normal,fixed,30,100,0.3333,0.249981249531238,QE-FE,0.424772149071555,2.8116746305015,-27.9321548388899,7.85212121967958,0.899,0.124329663443859,0.904,0.129738462072525,0
normal,fixed,30,100,1,0.5,DiVE,-0.410352156746064,4.36594292029389,-1.86526767602113,6.6810385371495,0.929,0.176161343254021,0.941,0.183825011001714,0
normal,fixed,30,100,1,0.5,QE-RE,-0.359456664938412,4.34990714668414,-1.29255609810181,6.78794011330606,0.926,0.176680501509212,0.944,0.18436675455458,0
normal,fixed,30,100,1,0.5,QE-FE,-0.315803262689365,4.39585402835345,-52.0208558764862,27.0829173060062,0.81,0.124246365392316,0.828,0.129651540248709,0
normal,fixed,30,100,3,0.75,DiVE,0.652672245266936,8.55130011208762,-0.414837986687378,7.02183749598078,0.94,0.250920397076342,0.949,0.261836359220996,0
normal,fixed,30,100,3,0.75,QE-RE,0.695027630474893,8.5987983548875,0.0218170420352497,7.19336472859013,0.941,0.251436350084745,0.951,0.262374758087024,0
normal,fixed,30,100,3,0.75,QE-FE,0.78194771172301,8.91682565511079,-75.9729911481051,57.7248363899745,0.654,0.124341761494285,0.671,0.129751086432736,0
normal,fixed,30,300,0,0,DiVE,0.0803908825725314,2.1214213708384,-0.251220438155504,6.71771435857965,0.933,0.0725312283328776,0.943,0.0756866041094671,0
normal,fixed,30,300,0,0,QE-RE,0.104881252774053,2.12637515552185,9.44096643558291,3.83258458215327,0.955,0.0764072786848596,0.961,0.0797312769385614,0
normal,fixed,30,300,0,0,QE-FE,0.103727452532916,2.13021960741722,-1.42172173475475,0.049446638544046,0.945,0.072711993623229,0.954,0.0758752333562347,0
normal,fixed,30,300,0.3333,0.249981249531238,DiVE,-1.25559485394513,3.02256648181927,-0.733121666344824,6.93227639193965,0.931,0.0835095853361344,0.94,0.0871425601076815,0
normal,fixed,30,300,0.3333,0.249981249531238,QE-RE,-1.29428802059139,3.04564725503774,1.08166812601474,5.64633742887063,0.934,0.0844688359631325,0.947,0.0881435416726725,0
normal,fixed,30,300,0.3333,0.249981249531238,QE-FE,-1.32714289607496,3.05484105931903,-26.0908115290962,6.82429198765362,0.9,0.0726989354270062,0.913,0.0758616070803447,0
normal,fixed,30,300,1,0.5,DiVE,-0.295220590394167,4.19016911311,0.75694131641821,7.02738498268708,0.943,0.103057078332035,0.951,0.107540441099346,0
normal,fixed,30,300,1,0.5,QE-RE,-0.289311577454304,4.19574311047618,0.840408490733812,6.99448353856408,0.945,0.103115540334681,0.954,0.107601446414594,0
normal,fixed,30,300,1,0.5,QE-FE,-0.260654148848315,4.21638510860884,-50.6638128478771,25.6755746323912,0.837,0.0727466767610903,0.851,0.0759114253384321,0
normal,fixed,30,300,3,0.75,DiVE,0.529616584007689,8.48353983518924,1.4480621305706,6.57340213035933,0.956,0.146376573941784,0.961,0.152744494440198,0
normal,fixed,30,300,3,0.75,QE-RE,0.537320557323408,8.47356177540597,1.62003379540449,6.7051143704341,0.954,0.146484385597268,0.96,0.15285699630008,0
normal,fixed,30,300,3,0.75,QE-FE,0.557686077758747,8.49067938799179,-75.3704506069094,56.8089204073404,0.673,0.0726897621711021,0.692,0.0758520347539969,0
normal,varying,10,100,0,0,DiVE,0.518012836022876,6.02578306533679,-0.744327724005999,32.3882216391519,0.919,0.21110670292135,0.949,0.243655773215809,0
normal,varying,10,100,0,0,QE-RE,0.565205023138788,6.21396154029529,17.6949896634684,17.1367624117648,0.958,0.235957430544745,0.977,0.272338061225914,0
normal,varying,10,100,0,0,QE-FE,0.598541073827684,6.15921573636756,-3.97784050393798,0.416759373610209,0.944,0.215222071609735,0.968,0.248405661902243,0
normal,varying,10,100,0.3333,0.249981249531238,DiVE,0.994267269796675,9.17213887212372,-0.607907477562274,31.8586862407174,0.908,0.250668108622968,0.945,0.289316876166781,0
normal,varying,10,100,0.3333,0.249981249531238,QE-RE,0.890072115972585,9.0437979807982,6.44397023760604,18.4205683126279,0.933,0.262629697765268,0.962,0.303122739320462,0
normal,varying,10,100,0.3333,0.249981249531238,QE-FE,0.863915829937688,9.26999782385034,-31.8910544071616,10.3317437394319,0.88,0.215266239467014,0.931,0.248456639693416,0
normal,varying,10,100,1,0.5,DiVE,-0.911361694227859,14.5438944799334,-2.5841562019488,34.5888838754275,0.907,0.311536938051141,0.941,0.359570645913676,0
normal,varying,10,100,1,0.5,QE-RE,-0.760294003670706,14.0770765160432,-2.46718490656735,19.2515249316904,0.918,0.308457614812336,0.947,0.356016543299455,0
normal,varying,10,100,1,0.5,QE-FE,-0.98896392770978,14.6613705797611,-57.1598031878231,32.7752268143447,0.82,0.21509452255233,0.863,0.248258446945187,0
normal,varying,10,100,3,0.75,DiVE,0.934378758896189,28.4745223702421,-3.83676857062137,43.8221262167132,0.917,0.446282552631829,0.952,0.515091747109257,0
normal,varying,10,100,3,0.75,QE-RE,0.970163746251305,24.2987179351765,-2.70644984911849,24.7787151010465,0.936,0.431341502445145,0.966,0.49784704059111,0
normal,varying,10,100,3,0.75,QE-FE,0.921272264651269,28.8020350245965,-79.5754695222797,63.3602099278539,0.646,0.215372252076049,0.711,0.248578997647321,0
normal,varying,10,300,0,0,DiVE,-1.04532480617086,6.2222848407283,-1.95421660149605,49.2630275829953,0.889,0.118840474530904,0.927,0.137163658521771,0
normal,varying,10,300,0,0,QE-RE,-1.39099343783372,6.47310688180461,23.0225130034997,23.6886294029623,0.959,0.13903011131527,0.977,0.160466194602181,0
normal,varying,10,300,0,0,QE-FE,-1.10243157780086,6.22635817011873,-1.33047628121849,0.105053411014534,0.947,0.125989761811051,0.972,0.145415244549502,0
normal,varying,10,300,0.3333,0.249981249531238,DiVE,1.32150533332672,9.73460412627212,-2.13785942336726,59.4489623382669,0.874,0.146718364387709,0.911,0.169339845799044,0
normal,varying,10,300,0.3333,0.249981249531238,QE-RE,1.24282896788351,9.40182460756126,4.35243407755682,20.9477630498126,0.937,0.155174953447152,0.964,0.179100297350478,0
normal,varying,10,300,0.3333,0.249981249531238,QE-FE,1.36806697328413,9.71612332356663,-36.3903558913864,13.5080493421265,0.886,0.125961952712039,0.933,0.14538314775945,0
normal,varying,10,300,1,0.5,DiVE,-0.441304759770998,17.0738433200388,4.22888743070862,71.6835286266798,0.887,0.197049239621752,0.925,0.227430887684853,0
normal,varying,10,300,1,0.5,QE-RE,-1.54165592700439,15.326867760611,1.17135529227469,24.4386291324067,0.918,0.18996133741139,0.95,0.219250151262726,0
normal,varying,10,300,1,0.5,QE-FE,-0.559903422670583,17.1018949112471,-62.5166584614257,39.2920995434526,0.778,0.126002704311178,0.83,0.145430182563464,0
normal,varying,10,300,3,0.75,DiVE,-1.81808115369932,38.3948534572765,2.37146147189493,76.2390721396233,0.88,0.292660628818082,0.92,0.337783930200744,0
normal,varying,10,300,3,0.75,QE-RE,-0.205186726883749,30.8271870034213,1.19538532900861,27.1725198769456,0.904,0.267171482325259,0.937,0.30836478996798,0
normal,varying,10,300,3,0.75,QE-FE,-1.94316149844015,38.5823597651315,-83.3013377915097,69.4696015697401,0.563,0.125992800371805,0.643,0.145418751604748,0
normal,varying,30,100,0,0,DiVE,-0.333256060237497,2.10475954189377,-0.960169041486925,8.51628096781161,0.944,0.124914062148338,0.949,0.130348284274694,0
normal,varying,30,100,0,0,QE-RE,-0.397264856049072,2.11034552579644,9.10474056273495,4.46718092828643,0.954,0.132042760929833,0.964,0.137787107728978,0
normal,varying,30,100,0,0,QE-FE,-0.371771791354636,2.10974339454326,-3.97622655479332,0.24465197862402,0.943,0.12428846793744,0.955,0.129695474409732,0
normal,varying,30,100,0.3333,0.249981249531238,DiVE,-0.155997130270333,2.92178774521787,-0.120486475107939,9.81097140818672,0.942,0.149024706567148,0.954,0.155507830595563,0
normal,varying,30,100,0.3333,0.249981249531238,QE-RE,-0.2799365043705,2.87487918970062,0.987879890053592,6.70577633678448,0.949,0.149078627851591,0.96,0.155564097654629,0
normal,varying,30,100,0.3333,0.249981249531238,QE-FE,-0.242444208506619,2.96458458257126,-32.1854995329331,10.4183791006452,0.9,0.124259123167557,0.915,0.129664853034197,0
normal,varying,30,100,1,0.5,DiVE,0.127747636320549,5.22962699022598,-0.0621436825849869,11.8855567542907,0.932,0.187449932270414,0.941,0.195604695249126,0
normal,varying,30,100,1,0.5,QE-RE,0.111891588803526,4.88223743829602,0.297019472200704,7.05532138925761,0.937,0.182828147681454,0.945,0.19078184599503,0
normal,varying,30,100,1,0.5,QE-FE,0.149317193956087,5.27610910132932,-57.2105212629187,32.7744414143614,0.769,0.1243072468842,0.79,0.129715070309894,0
normal,varying,30,100,3,0.75,DiVE,-0.309170756351725,9.68183372952336,-0.29377103081551,13.0218881446722,0.946,0.271707978776989,0.956,0.283528277346927,0
normal,varying,30,100,3,0.75,QE-RE,-0.673639622878048,8.53371236732128,0.145323959466075,7.34790364533463,0.948,0.256921963088689,0.955,0.268099015476155,0
normal,varying,30,100,3,0.75,QE-FE,-0.545133376443573,9.64049972533434,-79.7422843939978,63.6034720269015,0.64,0.124296793926546,0.657,0.129704162610054,0
normal,varying,30,300,0,0,DiVE,-0.308100075945847,2.15130434381715,-0.289818080474224,12.4029628400036,0.933,0.0720466866606722,0.94,0.0751809830885402,0
normal,varying,30,300,0,0,QE-RE,-0.441002138375398,2.2122104377161,15.3188369719555,8.57070358702764,0.965,0.0782474370016512,0.976,0.0816514889248048,0
normal,varying,30,300,0,0,QE-FE,-0.355016515609354,2.16827508701282,-1.49242030602342,0.0510722527836167,0.951,0.072685952358235,0.964,0.0758480592002275,0
normal,varying,30,300,0.3333,0.249981249531238,DiVE,-0.818072470172063,3.12584916177076,-0.437000527659816,15.339926529975,0.929,0.0896717427776055,0.939,0.0935727941110594,0
normal,varying,30,300,0.3333,0.249981249531238,QE-RE,-0.501009402158915,3.12904327193832,1.68845772908822,8.12435381520017,0.933,0.0893178362893525,0.944,0.0932034913860972,0
normal,varying,30,300,0.3333,0.249981249531238,QE-FE,-0.726393153546367,3.15106508809504,-36.8471116840961,13.6894075955751,0.882,0.0726685747699769,0.892,0.0758299256228278,0
normal,varying,30,300,1,0.5,DiVE,0.116165542095272,5.88396552805266,1.80955091679985,21.2594736288948,0.929,0.118342116491745,0.935,0.123490434758391,0
normal,varying,30,300,1,0.5,QE-RE,-0.301696791424135,4.86651334081147,0.388373232355966,7.99385462747801,0.948,0.110663302991815,0.954,0.115477564567742,0
normal,varying,30,300,1,0.5,QE-FE,0.0350224254801018,5.8497735957395,-63.1443302847361,39.9710753288071,0.77,0.072715107945996,0.791,0.0758784831635211,0
normal,varying,30,300,3,0.75,DiVE,0.159603614536775,12.507205028708,-0.564363363323536,22.3798951044617,0.938,0.175301337058076,0.951,0.182927591366334,0
normal,varying,30,300,3,0.75,QE-RE,0.706183008527483,9.74759528271168,-1.58353178657667,7.71051731666177,0.938,0.153520433784188,0.947,0.160199138517423,0
normal,varying,30,300,3,0.75,QE-FE,0.211465404931358,12.4841792976976,-83.6300016488873,69.972442458139,0.565,0.0727021256567397,0.584,0.0758649360968305,0
skew_normal,fixed,10,100,0,0,DiVE,0.624527306852228,0.67627655917704,-2.26504141340581,20.5515279829701,0.913,1.04956809574013,0.943,1.21139368087938,0
skew_normal,fixed,10,100,0,0,QE-RE,-0.147945210390799,0.682533788804831,11.5168712488314,12.6968673828149,0.955,1.14086164371058,0.975,1.31676314434281,0
skew_normal,fixed,10,100,0,0,QE-FE,-0.355624932864648,0.688551321397672,-8.83015707357422,1.09481527937777,0.939,1.04064429629638,0.965,1.20109398303275,0
skew_normal,fixed,10,100,0.3333,0.249981249531238,DiVE,-0.20430739959497,0.861898345647304,-0.721073144672659,22.7629089671299,0.929,1.21877278920469,0.96,1.40668686601909,0
skew_normal,fixed,10,100,0.3333,0.249981249531238,QE-RE,-0.908779268515077,0.873219714792225,4.5495504176196,18.309425421909,0.951,1.26459767902177,0.967,1.45957717602061,0
skew_normal,fixed,10,100,0.3333,0.249981249531238,QE-FE,-1.27796641747279,0.898661925542092,-31.8688070993445,10.3379903969682,0.895,1.03873986188316,0.931,1.19889591715862,0
skew_normal,fixed,10,100,1,0.5,DiVE,0.0871167901667803,1.37845872546109,-2.75312869588984,20.3442224815684,0.919,1.48028009401435,0.943,1.70851415844153,0
skew_normal,fixed,10,100,1,0.5,QE-RE,-0.43526031764996,1.37683661692227,-1.39105366604197,20.0282002304315,0.919,1.49511776083223,0.95,1.72563954163022,0
skew_normal,fixed,10,100,1,0.5,QE-FE,-1.04788394646473,1.41661357689576,-54.4752109076246,29.7599592664973,0.807,1.03992103096103,0.86,1.2002592024593,0
skew_normal,fixed,10,100,3,0.75,DiVE,-0.303480548027598,2.74230230695388,4.3455611965408,23.4675020473689,0.921,2.16751402266468,0.953,2.50170789387597,0
skew_normal,fixed,10,100,3,0.75,QE-RE,-0.539196267073806,2.74116253305593,4.74569960141236,23.95428278193,0.923,2.17203213343532,0.954,2.50692262063766,0
skew_normal,fixed,10,100,3,0.75,QE-FE,-1.36873571397505,2.83490786179329,-77.2026224571626,59.62355970215,0.637,1.04072360621466,0.72,1.20118552119423,0
skew_normal,fixed,10,300,0,0,DiVE,0.0309421648906016,0.228931235016012,-0.397485395894718,21.5826674251896,0.91,0.611553318639195,0.949,0.705844459951807,0
skew_normal,fixed,10,300,0,0,QE-RE,-0.303335920946894,0.229129517661312,13.8523554284403,13.120616302576,0.947,0.665813174951374,0.976,0.768470265108019,0
skew_normal,fixed,10,300,0,0,QE-FE,-0.389108972384125,0.230062348981661,-6.38505908579522,0.516454224988039,0.934,0.60901391977623,0.967,0.702913528887579,0
skew_normal,fixed,10,300,0.3333,0.249981249531238,DiVE,0.217209789149076,0.302572669629548,-1.88950327867204,21.0404672670766,0.922,0.700826815606506,0.944,0.808882414835473,0
skew_normal,fixed,10,300,0.3333,0.249981249531238,QE-RE,-0.0361711624907556,0.301418708700444,3.57393450331712,15.9492461184265,0.935,0.728244912479056,0.96,0.840527916854781,0
skew_normal,fixed,10,300,0.3333,0.249981249531238,QE-FE,-0.171282973097563,0.302725360819182,-29.654735735921,8.85925427377114,0.895,0.60958140696837,0.936,0.703568512972298,0
skew_normal,fixed,10,300,1,0.5,DiVE,0.232689796517668,0.432427285157638,-1.81160139700154,21.3377546965177,0.91,0.857799016631749,0.943,0.990057064834352,0
skew_normal,fixed,10,300,1,0.5,QE-RE,0.0429651748541865,0.436017927576882,-0.571659241876823,19.6540703067706,0.917,0.867434245330513,0.953,1.00117788225143,0
skew_normal,fixed,10,300,1,0.5,QE-FE,-0.155007261977745,0.443006134998599,-53.1991498892617,28.3304568408002,0.821,0.608964243963531,0.878,0.702856193907753,0
skew_normal,fixed,10,300,3,0.75,DiVE,0.729523673854558,0.968862229384098,0.440042684902738,21.4112636934641,0.912,1.22859146468976,0.958,1.41801941460312,0
skew_normal,fixed,10,300,3,0.75,QE-RE,0.640656293028057,0.96653146001773,0.817557488520598,21.7606199206735,0.917,1.23100234401625,0.956,1.42080201059981,0
skew_normal,fixed,10,300,3,0.75,QE-FE,0.360999598317706,0.972027451183123,-76.5610833405436,58.6228173317107,0.643,0.609471129044786,0.7,0.70344123206474,0
skew_normal,fixed,30,100,0,0,DiVE,0.310490582201767,0.205585250299929,-1.20288101761484,6.50070842155102,0.954,0.620522728319424,0.962,0.647517754196778,0
skew_normal,fixed,30,100,0,0,QE-RE,-0.667715695772909,0.20879784587959,5.0076626729284,3.93649207278359,0.959,0.642698466295259,0.972,0.670658218512498,0
skew_normal,fixed,30,100,0,0,QE-FE,-0.829685814751364,0.211469510536191,-9.20290429894561,0.963360526758161,0.942,0.599765288362953,0.953,0.625857289091993,0
skew_normal,fixed,30,100,0.3333,0.249981249531238,DiVE,0.273664221482311,0.305943239776525,-1.71157200260869,6.51595387427027,0.942,0.714691967831439,0.953,0.745783702727595,0
skew_normal,fixed,30,100,0.3333,0.249981249531238,QE-RE,-0.473610132354222,0.311426262085852,-1.06242591277963,6.08815714246614,0.938,0.717739847567431,0.942,0.748964176466335,0
skew_normal,fixed,30,100,0.3333,0.249981249531238,QE-FE,-0.824947297888085,0.320657529914498,-31.9487434223483,10.2674811502909,0.88,0.599561013831648,0.893,0.625644127865638,0
skew_normal,fixed,30,100,1,0.5,DiVE,0.487106998393471,0.455188598860612,-1.65576848431434,7.16702285013078,0.947,0.874830180318284,0.953,0.912888517713825,0
skew_normal,fixed,30,100,1,0.5,QE-RE,-0.0309787119823631,0.451136912761231,-1.360289549246,7.3752550867427,0.947,0.875993700399778,0.953,0.914102655207503,0
skew_normal,fixed,30,100,1,0.5,QE-FE,-0.627342178174098,0.464772366648731,-54.5875042214743,29.8248088810203,0.807,0.599865364049652,0.827,0.625961718439934,0
skew_normal,fixed,30,100,3,0.75,DiVE,0.95058663162557,0.92165843848732,-0.497471015810171,6.350654409171,0.931,1.24611663582141,0.942,1.3003273025625,0
skew_normal,fixed,30,100,3,0.75,QE-RE,0.701396642306311,0.921630453209408,-0.123448926931523,6.45452149713175,0.933,1.24837604148034,0.94,1.30268500069558,0
skew_normal,fixed,30,100,3,0.75,QE-FE,-0.0798820243809188,0.951450888016406,-77.2947015948812,59.7516201906894,0.631,0.599849910316939,0.648,0.625945592412888,0
skew_normal,fixed,30,300,0,0,DiVE,-0.013640457411175,0.0793656871945938,-0.518829700062156,7.27481557450958,0.931,0.359222076866914,0.942,0.374849561273493,0
skew_normal,fixed,30,300,0,0,QE-RE,-0.391341832574,0.0805580955417083,6.97498068949596,4.21388916926753,0.945,0.374569680950165,0.956,0.390864842704365,0
skew_normal,fixed,30,300,0,0,QE-FE,-0.451027267435312,0.081068802841272,-6.38726644076682,0.447165775674245,0.932,0.351644993363758,0.941,0.366942846709445,0
skew_normal,fixed,30,300,0.3333,0.249981249531238,DiVE,0.106437048777382,0.10147271792258,0.440427158646835,7.16166567393118,0.941,0.41692404329794,0.949,0.435061775928944,0
skew_normal,fixed,30,300,0.3333,0.249981249531238,QE-RE,-0.208285961105353,0.101377434405914,1.20271373071394,6.28946087881497,0.945,0.419154611287442,0.955,0.437389381847679,0
skew_normal,fixed,30,300,0.3333,0.249981249531238,QE-FE,-0.349331257250035,0.102693321633967,-29.8375592084559,8.92532436126591,0.9,0.351522159984394,0.913,0.366814669625326,0
skew_normal,fixed,30,300,1,0.5,DiVE,0.0140032250602728,0.159118349864336,-0.543226670640679,6.52292264249119,0.933,0.508419531570597,0.946,0.530537655186265,0
skew_normal,fixed,30,300,1,0.5,QE-RE,-0.177574484644286,0.158873880347086,-0.541869817366278,6.65441569370633,0.929,0.508368713541482,0.941,0.530484626385572,0
skew_normal,fixed,30,300,1,0.5,QE-FE,-0.389252257107227,0.160390081846449,-53.2205060520303,28.3335477448669,0.8,0.351544976096642,0.819,0.366838478322555,0
skew_normal,fixed,30,300,3,0.75,DiVE,0.216472507950271,0.293924136289117,-0.946149195504021,6.4259121608052,0.948,0.717607372790985,0.957,0.748825938548822,0
skew_normal,fixed,30,300,3,0.75,QE-RE,0.120970571838459,0.29368887580128,-0.810291270667718,6.49473163470939,0.95,0.718047041563946,0.956,0.74928473453399,0
skew_normal,fixed,30,300,3,0.75,QE-FE,-0.182628694641608,0.297536356242445,-76.5920438162355,58.6659469114179,0.676,0.351680149380009,0.702,0.366979532141986,0
skew_normal,varying,10,100,0,0,DiVE,0.27806462575725,0.686101188253736,-1.73635889238172,28.5538711303574,0.909,1.0442788148152,0.94,1.20528888261536,0
skew_normal,varying,10,100,0,0,QE-RE,-0.604068158223823,0.717446450710785,14.7922345110127,16.7938616825739,0.948,1.15505048035263,0.982,1.33313965875571,0
skew_normal,varying,10,100,0,0,QE-FE,-0.828260395503065,0.704227618949959,-9.36870862626242,1.21073947068304,0.93,1.03753261785953,0.965,1.19750253659814,0
skew_normal,varying,10,100,0.3333,0.249981249531238,DiVE,-0.0849687381892645,1.0128970715843,-0.3909329536947,36.0420204579513,0.89,1.24213290609312,0.926,1.43364871642032,0
skew_normal,varying,10,100,0.3333,0.249981249531238,QE-RE,-0.784172312825868,1.03203584201077,5.52880078419156,21.3088940362758,0.927,1.29428961040129,0.953,1.49384709923211,0
skew_normal,varying,10,100,0.3333,0.249981249531238,QE-FE,-1.15012295880729,1.03052341876429,-35.7591793632543,12.9965968802497,0.873,1.0380438978705,0.916,1.1980926473084,0
skew_normal,varying,10,100,1,0.5,DiVE,0.993238149945952,1.5419833289341,-0.443631894565647,41.4210199907444,0.905,1.55319294266055,0.932,1.79266893073635,0
skew_normal,varying,10,100,1,0.5,QE-RE,0.476661170037129,1.50699363100978,-0.940760006512619,22.3153942211432,0.908,1.53770673232562,0.938,1.77479500962857,0
skew_normal,varying,10,100,1,0.5,QE-FE,-0.0350536267208867,1.56962684047611,-59.0862649867714,35.0334730382143,0.774,1.04039789525692,0.833,1.20080959113538,0
skew_normal,varying,10,100,3,0.75,DiVE,0.366215743167014,3.15091125642593,2.26594163089124,46.8526554196204,0.908,2.2808759862341,0.94,2.63254834803749,0
skew_normal,varying,10,100,3,0.75,QE-RE,0.212132300035263,2.91157301150093,1.71040279986057,25.5109795363243,0.916,2.19040720883697,0.95,2.52813082077025,0
skew_normal,varying,10,100,3,0.75,QE-FE,-0.53794654222723,3.20992853697699,-80.5818394013904,64.9742106057003,0.628,1.0400235067794,0.707,1.20037747830945,0
skew_normal,varying,10,300,0,0,DiVE,-0.102973147139183,0.240552755580069,2.98256610106553,52.2780417750837,0.898,0.606374186932145,0.938,0.699866794045398,0
skew_normal,varying,10,300,0,0,QE-RE,-0.341413417340348,0.252350529417708,25.5054436172162,28.466469133814,0.95,0.695185465934241,0.979,0.802371264799234,0
skew_normal,varying,10,300,0,0,QE-FE,-0.480209392711319,0.245978413101263,-6.49663461197051,0.540623971554184,0.935,0.608641901934182,0.966,0.702484152208867,0
skew_normal,varying,10,300,0.3333,0.249981249531238,DiVE,0.0598368952794206,0.362503448061395,-1.74689319788234,46.2198654003169,0.878,0.734439863748231,0.912,0.847678024457416,0
skew_normal,varying,10,300,0.3333,0.249981249531238,QE-RE,-0.29990043924672,0.365211477403501,7.10122517894668,24.2613631720442,0.924,0.778476784759329,0.957,0.898504691211812,0
skew_normal,varying,10,300,0.3333,0.249981249531238,QE-FE,-0.334175449988947,0.36185140994494,-39.6470731257573,15.9499570810821,0.869,0.609034215471834,0.924,0.702936953834949,0
skew_normal,varying,10,300,1,0.5,DiVE,0.470858633186967,0.618895872603208,-2.23840593432424,63.6082672719491,0.874,0.951731624770586,0.914,1.09847248674908,0
skew_normal,varying,10,300,1,0.5,QE-RE,0.243030247365722,0.544575722459174,-0.579075469836198,24.8285410893347,0.914,0.935747935495092,0.943,1.08002438389224,0
skew_normal,varying,10,300,1,0.5,QE-FE,0.13707496891557,0.620936385401271,-64.6000936705093,41.950263304997,0.739,0.608970515536714,0.808,0.702863432451068,0
skew_normal,varying,10,300,3,0.75,DiVE,0.420153372146989,1.38858251752008,1.39009624086417,67.9013744567084,0.887,1.44669980402478,0.924,1.66975635772278,0
skew_normal,varying,10,300,3,0.75,QE-RE,0.342402623438552,1.03907134461123,0.70248278574825,25.8273605690682,0.923,1.32169395609032,0.955,1.52547672986882,0
skew_normal,varying,10,300,3,0.75,QE-FE,0.0202269753716621,1.37708725315666,-83.9869587776698,70.6079944216587,0.572,0.608654654542384,0.639,0.702498871052792,0
skew_normal,varying,30,100,0,0,DiVE,0.449593477542145,0.237310164718809,0.545312665201179,8.77609392789439,0.931,0.624616519714966,0.942,0.651789640607403,0
skew_normal,varying,30,100,0,0,QE-RE,-0.541916853772786,0.240538114099421,7.76342052357014,5.46509911407566,0.948,0.650411503921608,0.953,0.678706801705213,0
skew_normal,varying,30,100,0,0,QE-FE,-0.663797863370723,0.239841511275431,-9.37773170696578,0.997184744930669,0.931,0.599185903766326,0.941,0.62525269912985,0
skew_normal,varying,30,100,0.3333,0.249981249531238,DiVE,0.325050124957319,0.338573136846298,-3.92828690594898,9.24969579944519,0.92,0.725334949928675,0.937,0.756889693775212,0
skew_normal,varying,30,100,0.3333,0.249981249531238,QE-RE,-0.484102681012917,0.337920411401462,-2.3469777733814,6.25271116713184,0.93,0.727375525728209,0.942,0.759019042143419,0
skew_normal,varying,30,100,0.3333,0.249981249531238,QE-FE,-0.793114328456581,0.347173375737233,-35.9120296490448,12.9640884806676,0.866,0.599354991271646,0.882,0.625429142564893,0
skew_normal,varying,30,100,1,0.5,DiVE,0.597592802266488,0.493425074067476,-0.30477381972443,11.7862756705297,0.94,0.928536994970866,0.949,0.968931776762671,0
skew_normal,varying,30,100,1,0.5,QE-RE,0.00231617947288023,0.467341158288189,-0.266076132192754,7.66420085834911,0.945,0.903973158827718,0.953,0.943299323207029,0
skew_normal,varying,30,100,1,0.5,QE-FE,-0.439322149451509,0.498561718242449,-59.5466623592021,35.5011000652525,0.792,0.599698862276902,0.813,0.625787973226359,0
skew_normal,varying,30,100,3,0.75,DiVE,-0.0764263762163397,1.0422781159153,0.937341616753794,14.533345327879,0.945,1.35577375883073,0.958,1.41475491460982,0
skew_normal,varying,30,100,3,0.75,QE-RE,-0.414787678737841,0.938479316695313,1.31194468029146,7.72605835313927,0.951,1.28202686191707,0.961,1.33779975585545,0
skew_normal,varying,30,100,3,0.75,QE-FE,-1.24063650503395,1.0710933979169,-80.8909708769483,65.4495867380736,0.602,0.598969019584346,0.622,0.625026379686536,0
skew_normal,varying,30,300,0,0,DiVE,0.174408645856418,0.0787235099633167,1.6096491427479,13.5196493687092,0.925,0.360848310967209,0.935,0.376546542551315,0
skew_normal,varying,30,300,0,0,QE-RE,-0.221814277397213,0.081555967577886,14.5821368520682,9.48017378850001,0.956,0.386623940766097,0.964,0.403443507253294,0
skew_normal,varying,30,300,0,0,QE-FE,-0.252917613056971,0.0795586497499651,-6.586913018436,0.469954408697299,0.941,0.351271298136177,0.948,0.366552894362055,0
skew_normal,varying,30,300,0.3333,0.249981249531238,DiVE,0.113513132712546,0.119049329144533,0.755334233437339,15.4704412093053,0.936,0.447577421613263,0.948,0.467048689186801,0
skew_normal,varying,30,300,0.3333,0.249981249531238,QE-RE,-0.244329188206505,0.117416290926559,1.80008434239361,8.22512211338161,0.937,0.443442087197772,0.949,0.462733452481735,0
skew_normal,varying,30,300,0.3333,0.249981249531238,QE-FE,-0.327553157705246,0.121353894000443,-40.059593199268,16.1474566651035,0.859,0.351329329981044,0.882,0.366613450806075,0
skew_normal,varying,30,300,1,0.5,DiVE,0.0417760437914536,0.201924338967788,-2.15505524827713,21.8185059339421,0.919,0.574373763494803,0.927,0.599361139301018,0
skew_normal,varying,30,300,1,0.5,QE-RE,-0.220944458094889,0.172573848768511,-2.01307343828473,8.0550163942526,0.936,0.542067743919911,0.943,0.565649688797303,0
skew_normal,varying,30,300,1,0.5,QE-FE,-0.379763779038335,0.203144518283889,-64.9402037114097,42.2612035541587,0.774,0.351290946771668,0.793,0.366573397785613,0
skew_normal,varying,30,300,3,0.75,DiVE,0.217738403709363,0.448457265872685,0.45477991437382,24.2710257008049,0.941,0.873141093807659,0.95,0.911125949714155,0
skew_normal,varying,30,300,3,0.75,QE-RE,0.0961525623386497,0.349613991675357,-1.11733955491527,8.17070256372477,0.941,0.762830894293236,0.959,0.796016849926582,0
skew_normal,varying,30,300,3,0.75,QE-FE,-0.137465217015857,0.449528034328719,-84.4412935131565,71.3332440370922,0.55,0.351511993772654,0.569,0.366804061145903,0
